initial_cutloss_pct,breakeven_trigger_pct,breakeven_lock_pct,atr_multiplier,min_dollar_vol,freeze_days,trade_count,win_rate_pct,net_profit_pct,profit_factor,max_drawdown_pct
0.03,0.06,0.01,2.0,500000.0,0,555,32.79279279279279,143182.6248693661,1.966675999877901,-80.63526557966382
0.03,0.06,0.01,2.0,500000.0,5,435,29.195402298850574,6717.1648257617635,1.7321524287832761,-87.66217992224271
0.03,0.06,0.01,2.0,500000.0,10,343,34.40233236151604,33435.93153955835,2.247633284795299,-66.08748454647083
0.03,0.06,0.01,2.0,500000.0,20,251,29.482071713147413,717.612400579317,1.6301324495420857,-66.23855254503276
0.03,0.06,0.01,2.0,500000.0,30,195,35.8974358974359,14040.39097441447,2.739056286460501,-31.198745383640592
0.03,0.06,0.01,2.0,1000000.0,0,555,32.79279279279279,143182.6248693661,1.966675999877901,-80.63526557966382
0.03,0.06,0.01,2.0,1000000.0,5,435,29.195402298850574,6717.1648257617635,1.7321524287832761,-87.66217992224271
0.03,0.06,0.01,2.0,1000000.0,10,343,34.40233236151604,33435.93153955835,2.247633284795299,-66.08748454647083
0.03,0.06,0.01,2.0,1000000.0,20,251,29.482071713147413,717.612400579317,1.6301324495420857,-66.23855254503276
0.03,0.06,0.01,2.0,1000000.0,30,195,35.8974358974359,14040.39097441447,2.739056286460501,-31.198745383640592
0.03,0.06,0.01,2.0,5000000.0,0,555,32.79279279279279,143182.6248693661,1.966675999877901,-80.63526557966382
0.03,0.06,0.01,2.0,5000000.0,5,435,29.195402298850574,6717.1648257617635,1.7321524287832761,-87.66217992224271
0.03,0.06,0.01,2.0,5000000.0,10,343,34.40233236151604,33435.93153955835,2.247633284795299,-66.08748454647083
0.03,0.06,0.01,2.0,5000000.0,20,251,29.482071713147413,717.612400579317,1.6301324495420857,-66.23855254503276
0.03,0.06,0.01,2.0,5000000.0,30,195,35.8974358974359,14040.39097441447,2.739056286460501,-31.198745383640592
0.03,0.06,0.01,2.5,500000.0,0,503,31.610337972166995,36116.62498782226,1.9256020247416443,-80.7508892708099
0.03,0.06,0.01,2.5,500000.0,5,396,27.77777777777778,3992.410969320334,1.762380372511975,-88.51565473402904
0.03,0.06,0.01,2.5,500000.0,10,314,31.84713375796178,16809.022850787806,2.214510450602177,-67.95413715550922
0.03,0.06,0.01,2.5,500000.0,20,238,30.252100840336134,982.6741294788853,1.7541491362246249,-59.11741016263077
0.03,0.06,0.01,2.5,500000.0,30,183,34.97267759562842,8764.660621765941,2.7499100003497867,-36.239553742280954
0.03,0.06,0.01,2.5,1000000.0,0,503,31.610337972166995,36116.62498782226,1.9256020247416443,-80.7508892708099
0.03,0.06,0.01,2.5,1000000.0,5,396,27.77777777777778,3992.410969320334,1.762380372511975,-88.51565473402904
0.03,0.06,0.01,2.5,1000000.0,10,314,31.84713375796178,16809.022850787806,2.214510450602177,-67.95413715550922
0.03,0.06,0.01,2.5,1000000.0,20,238,30.252100840336134,982.6741294788853,1.7541491362246249,-59.11741016263077
0.03,0.06,0.01,2.5,1000000.0,30,183,34.97267759562842,8764.660621765941,2.7499100003497867,-36.239553742280954
0.03,0.06,0.01,2.5,5000000.0,0,503,31.610337972166995,36116.62498782226,1.9256020247416443,-80.7508892708099
0.03,0.06,0.01,2.5,5000000.0,5,396,27.77777777777778,3992.410969320334,1.762380372511975,-88.51565473402904
0.03,0.06,0.01,2.5,5000000.0,10,314,31.84713375796178,16809.022850787806,2.214510450602177,-67.95413715550922
0.03,0.06,0.01,2.5,5000000.0,20,238,30.252100840336134,982.6741294788853,1.7541491362246249,-59.11741016263077
0.03,0.06,0.01,2.5,5000000.0,30,183,34.97267759562842,8764.660621765941,2.7499100003497867,-36.239553742280954
0.03,0.06,0.01,3.0,500000.0,0,459,30.718954248366014,18628.63849179115,1.9618329599718216,-82.62935470630906
0.03,0.06,0.01,3.0,500000.0,5,374,28.342245989304814,1862.9293697004653,1.7599510856383782,-87.48627135865217
0.03,0.06,0.01,3.0,500000.0,10,290,35.172413793103445,9626.03270848395,2.2390999158742715,-59.628968782304106
0.03,0.06,0.01,3.0,500000.0,20,231,31.16883116883117,1077.8896709922162,1.875665837179938,-59.51048726791057
0.03,0.06,0.01,3.0,500000.0,30,173,34.104046242774565,3785.3485490748626,2.5859391932590143,-54.02570927685806
0.03,0.06,0.01,3.0,1000000.0,0,459,30.718954248366014,18628.63849179115,1.9618329599718216,-82.62935470630906
0.03,0.06,0.01,3.0,1000000.0,5,374,28.342245989304814,1862.9293697004653,1.7599510856383782,-87.48627135865217
0.03,0.06,0.01,3.0,1000000.0,10,290,35.172413793103445,9626.03270848395,2.2390999158742715,-59.628968782304106
0.03,0.06,0.01,3.0,1000000.0,20,231,31.16883116883117,1077.8896709922162,1.875665837179938,-59.51048726791057
0.03,0.06,0.01,3.0,1000000.0,30,173,34.104046242774565,3785.3485490748626,2.5859391932590143,-54.02570927685806
0.03,0.06,0.01,3.0,5000000.0,0,459,30.718954248366014,18628.63849179115,1.9618329599718216,-82.62935470630906
0.03,0.06,0.01,3.0,5000000.0,5,374,28.342245989304814,1862.9293697004653,1.7599510856383782,-87.48627135865217
0.03,0.06,0.01,3.0,5000000.0,10,290,35.172413793103445,9626.03270848395,2.2390999158742715,-59.628968782304106
0.03,0.06,0.01,3.0,5000000.0,20,231,31.16883116883117,1077.8896709922162,1.875665837179938,-59.51048726791057
0.03,0.06,0.01,3.0,5000000.0,30,173,34.104046242774565,3785.3485490748626,2.5859391932590143,-54.02570927685806
0.03,0.06,0.02,2.0,500000.0,0,570,32.80701754385965,172431.62373166316,1.9502654396754426,-78.84762964441568
0.03,0.06,0.02,2.0,500000.0,5,447,27.740492170022375,3888.5072270546502,1.631015072517628,-90.98938850828243
0.03,0.06,0.02,2.0,500000.0,10,347,32.564841498559076,18074.17493227355,2.088687923507264,-73.16711176358237
0.03,0.06,0.02,2.0,500000.0,20,252,28.174603174603174,590.8368239373465,1.5836283617805786,-63.46985116199328
0.03,0.06,0.02,2.0,500000.0,30,198,35.35353535353536,6824.147511924775,2.4473892439362532,-29.09455612010151
0.03,0.06,0.02,2.0,1000000.0,0,570,32.80701754385965,172431.62373166316,1.9502654396754426,-78.84762964441568
0.03,0.06,0.02,2.0,1000000.0,5,447,27.740492170022375,3888.5072270546502,1.631015072517628,-90.98938850828243
0.03,0.06,0.02,2.0,1000000.0,10,347,32.564841498559076,18074.17493227355,2.088687923507264,-73.16711176358237
0.03,0.06,0.02,2.0,1000000.0,20,252,28.174603174603174,590.8368239373465,1.5836283617805786,-63.46985116199328
0.03,0.06,0.02,2.0,1000000.0,30,198,35.35353535353536,6824.147511924775,2.4473892439362532,-29.09455612010151
0.03,0.06,0.02,2.0,5000000.0,0,570,32.80701754385965,172431.62373166316,1.9502654396754426,-78.84762964441568
0.03,0.06,0.02,2.0,5000000.0,5,447,27.740492170022375,3888.5072270546502,1.631015072517628,-90.98938850828243
0.03,0.06,0.02,2.0,5000000.0,10,347,32.564841498559076,18074.17493227355,2.088687923507264,-73.16711176358237
0.03,0.06,0.02,2.0,5000000.0,20,252,28.174603174603174,590.8368239373465,1.5836283617805786,-63.46985116199328
0.03,0.06,0.02,2.0,5000000.0,30,198,35.35353535353536,6824.147511924775,2.4473892439362532,-29.09455612010151
0.03,0.06,0.02,2.5,500000.0,0,527,31.87855787476281,37670.1126515374,1.8844521170686679,-79.37547044447244
0.03,0.06,0.02,2.5,500000.0,5,414,27.053140096618357,2157.526166916918,1.6334086901831055,-90.93812803421329
0.03,0.06,0.02,2.5,500000.0,10,322,32.298136645962735,22172.188437315584,2.2275856371794016,-65.3558004011773
0.03,0.06,0.02,2.5,500000.0,20,240,31.25,1567.6657595438676,1.8467759751506483,-56.07882406389609
0.03,0.06,0.02,2.5,500000.0,30,190,36.31578947368421,13711.94850651782,2.8368845590074616,-34.39502561417396
0.03,0.06,0.02,2.5,1000000.0,0,527,31.87855787476281,37670.1126515374,1.8844521170686679,-79.37547044447244
0.03,0.06,0.02,2.5,1000000.0,5,414,27.053140096618357,2157.526166916918,1.6334086901831055,-90.93812803421329
0.03,0.06,0.02,2.5,1000000.0,10,322,32.298136645962735,22172.188437315584,2.2275856371794016,-65.3558004011773
0.03,0.06,0.02,2.5,1000000.0,20,240,31.25,1567.6657595438676,1.8467759751506483,-56.07882406389609
0.03,0.06,0.02,2.5,1000000.0,30,190,36.31578947368421,13711.94850651782,2.8368845590074616,-34.39502561417396
0.03,0.06,0.02,2.5,5000000.0,0,527,31.87855787476281,37670.1126515374,1.8844521170686679,-79.37547044447244
0.03,0.06,0.02,2.5,5000000.0,5,414,27.053140096618357,2157.526166916918,1.6334086901831055,-90.93812803421329
0.03,0.06,0.02,2.5,5000000.0,10,322,32.298136645962735,22172.188437315584,2.2275856371794016,-65.3558004011773
0.03,0.06,0.02,2.5,5000000.0,20,240,31.25,1567.6657595438676,1.8467759751506483,-56.07882406389609
0.03,0.06,0.02,2.5,5000000.0,30,190,36.31578947368421,13711.94850651782,2.8368845590074616,-34.39502561417396
0.03,0.06,0.02,3.0,500000.0,0,490,31.020408163265305,21512.21129516797,1.9161230733115644,-80.20764404911466
0.03,0.06,0.02,3.0,500000.0,5,383,30.026109660574413,3078.5003061697444,1.8049056458482942,-90.02854906844168
0.03,0.06,0.02,3.0,500000.0,10,300,33.33333333333333,9472.291230760746,2.1581507507725473,-66.47558238182378
0.03,0.06,0.02,3.0,500000.0,20,230,29.565217391304348,1452.7242923435624,1.9202400966705213,-54.83589359911003
0.03,0.06,0.02,3.0,500000.0,30,186,38.17204301075269,5110.337143821558,2.603312876028943,-40.31751749956776
0.03,0.06,0.02,3.0,1000000.0,0,490,31.020408163265305,21512.21129516797,1.9161230733115644,-80.20764404911466
0.03,0.06,0.02,3.0,1000000.0,5,383,30.026109660574413,3078.5003061697444,1.8049056458482942,-90.02854906844168
0.03,0.06,0.02,3.0,1000000.0,10,300,33.33333333333333,9472.291230760746,2.1581507507725473,-66.47558238182378
0.03,0.06,0.02,3.0,1000000.0,20,230,29.565217391304348,1452.7242923435624,1.9202400966705213,-54.83589359911003
0.03,0.06,0.02,3.0,1000000.0,30,186,38.17204301075269,5110.337143821558,2.603312876028943,-40.31751749956776
0.03,0.06,0.02,3.0,5000000.0,0,490,31.020408163265305,21512.21129516797,1.9161230733115644,-80.20764404911466
0.03,0.06,0.02,3.0,5000000.0,5,383,30.026109660574413,3078.5003061697444,1.8049056458482942,-90.02854906844168
0.03,0.06,0.02,3.0,5000000.0,10,300,33.33333333333333,9472.291230760746,2.1581507507725473,-66.47558238182378
0.03,0.06,0.02,3.0,5000000.0,20,230,29.565217391304348,1452.7242923435624,1.9202400966705213,-54.83589359911003
0.03,0.06,0.02,3.0,5000000.0,30,186,38.17204301075269,5110.337143821558,2.603312876028943,-40.31751749956776
0.03,0.1,0.01,2.0,500000.0,0,528,28.219696969696972,126375.87528340607,1.9674368524803274,-82.27679993272183
0.03,0.1,0.01,2.0,500000.0,5,420,24.523809523809522,6161.3272777418115,1.7094121437193828,-84.84300056480646
0.03,0.1,0.01,2.0,500000.0,10,321,27.41433021806853,17203.64213429812,2.0935397125384814,-65.37862994775485
0.03,0.1,0.01,2.0,500000.0,20,238,23.52941176470588,706.8969200889674,1.6424724963380073,-66.88658739229977
0.03,0.1,0.01,2.0,500000.0,30,186,30.64516129032258,8951.783892846499,2.603043313090194,-33.05589822114343
0.03,0.1,0.01,2.0,1000000.0,0,528,28.219696969696972,126375.87528340607,1.9674368524803274,-82.27679993272183
0.03,0.1,0.01,2.0,1000000.0,5,420,24.523809523809522,6161.3272777418115,1.7094121437193828,-84.84300056480646
0.03,0.1,0.01,2.0,1000000.0,10,321,27.41433021806853,17203.64213429812,2.0935397125384814,-65.37862994775485
0.03,0.1,0.01,2.0,1000000.0,20,238,23.52941176470588,706.8969200889674,1.6424724963380073,-66.88658739229977
0.03,0.1,0.01,2.0,1000000.0,30,186,30.64516129032258,8951.783892846499,2.603043313090194,-33.05589822114343
0.03,0.1,0.01,2.0,5000000.0,0,528,28.219696969696972,126375.87528340607,1.9674368524803274,-82.27679993272183
0.03,0.1,0.01,2.0,5000000.0,5,420,24.523809523809522,6161.3272777418115,1.7094121437193828,-84.84300056480646
0.03,0.1,0.01,2.0,5000000.0,10,321,27.41433021806853,17203.64213429812,2.0935397125384814,-65.37862994775485
0.03,0.1,0.01,2.0,5000000.0,20,238,23.52941176470588,706.8969200889674,1.6424724963380073,-66.88658739229977
0.03,0.1,0.01,2.0,5000000.0,30,186,30.64516129032258,8951.783892846499,2.603043313090194,-33.05589822114343
0.03,0.1,0.01,2.5,500000.0,0,476,23.319327731092436,19416.44348103332,1.8486464140256573,-84.30584236462667
0.03,0.1,0.01,2.5,500000.0,5,388,20.36082474226804,1590.7536752335432,1.6220568383868643,-88.17889577905873
0.03,0.1,0.01,2.5,500000.0,10,300,23.666666666666668,4252.64663422262,1.900751196417548,-69.82766678682961
0.03,0.1,0.01,2.5,500000.0,20,221,23.981900452488688,957.0137916522946,1.767268220271096,-59.79816441341895
0.03,0.1,0.01,2.5,500000.0,30,175,28.57142857142857,6700.522860819734,2.620574899448577,-41.34914098253801
0.03,0.1,0.01,2.5,1000000.0,0,476,23.319327731092436,19416.44348103332,1.8486464140256573,-84.30584236462667
0.03,0.1,0.01,2.5,1000000.0,5,388,20.36082474226804,1590.7536752335432,1.6220568383868643,-88.17889577905873
0.03,0.1,0.01,2.5,1000000.0,10,300,23.666666666666668,4252.64663422262,1.900751196417548,-69.82766678682961
0.03,0.1,0.01,2.5,1000000.0,20,221,23.981900452488688,957.0137916522946,1.767268220271096,-59.79816441341895
0.03,0.1,0.01,2.5,1000000.0,30,175,28.57142857142857,6700.522860819734,2.620574899448577,-41.34914098253801
0.03,0.1,0.01,2.5,5000000.0,0,476,23.319327731092436,19416.44348103332,1.8486464140256573,-84.30584236462667
0.03,0.1,0.01,2.5,5000000.0,5,388,20.36082474226804,1590.7536752335432,1.6220568383868643,-88.17889577905873
0.03,0.1,0.01,2.5,5000000.0,10,300,23.666666666666668,4252.64663422262,1.900751196417548,-69.82766678682961
0.03,0.1,0.01,2.5,5000000.0,20,221,23.981900452488688,957.0137916522946,1.767268220271096,-59.79816441341895
0.03,0.1,0.01,2.5,5000000.0,30,175,28.57142857142857,6700.522860819734,2.620574899448577,-41.34914098253801
0.03,0.1,0.01,3.0,500000.0,0,432,22.22222222222222,8988.297259108735,1.8582114831887346,-86.12223294049166
0.03,0.1,0.01,3.0,500000.0,5,348,20.977011494252874,1242.7455644233232,1.693902492005876,-83.63911602265442
0.03,0.1,0.01,3.0,500000.0,10,271,26.199261992619927,3874.3461153740463,2.011241164513058,-65.91099109044603
0.03,0.1,0.01,3.0,500000.0,20,213,22.535211267605636,618.0766457670421,1.7557383288171302,-63.41574289134972
0.03,0.1,0.01,3.0,500000.0,30,161,28.57142857142857,5917.987948246243,2.7580753135443676,-56.55595218305373
0.03,0.1,0.01,3.0,1000000.0,0,432,22.22222222222222,8988.297259108735,1.8582114831887346,-86.12223294049166
0.03,0.1,0.01,3.0,1000000.0,5,348,20.977011494252874,1242.7455644233232,1.693902492005876,-83.63911602265442
0.03,0.1,0.01,3.0,1000000.0,10,271,26.199261992619927,3874.3461153740463,2.011241164513058,-65.91099109044603
0.03,0.1,0.01,3.0,1000000.0,20,213,22.535211267605636,618.0766457670421,1.7557383288171302,-63.41574289134972
0.03,0.1,0.01,3.0,1000000.0,30,161,28.57142857142857,5917.987948246243,2.7580753135443676,-56.55595218305373
0.03,0.1,0.01,3.0,5000000.0,0,432,22.22222222222222,8988.297259108735,1.8582114831887346,-86.12223294049166
0.03,0.1,0.01,3.0,5000000.0,5,348,20.977011494252874,1242.7455644233232,1.693902492005876,-83.63911602265442
0.03,0.1,0.01,3.0,5000000.0,10,271,26.199261992619927,3874.3461153740463,2.011241164513058,-65.91099109044603
0.03,0.1,0.01,3.0,5000000.0,20,213,22.535211267605636,618.0766457670421,1.7557383288171302,-63.41574289134972
0.03,0.1,0.01,3.0,5000000.0,30,161,28.57142857142857,5917.987948246243,2.7580753135443676,-56.55595218305373
0.03,0.1,0.02,2.0,500000.0,0,530,28.30188679245283,121530.56701067297,1.956037094721294,-81.95473263388993
0.03,0.1,0.02,2.0,500000.0,5,423,24.113475177304963,4314.514186071432,1.656637560110714,-88.6309069948799
0.03,0.1,0.02,2.0,500000.0,10,322,27.639751552795033,16665.25302843848,2.083406895369814,-64.3400570606037
0.03,0.1,0.02,2.0,500000.0,20,238,23.52941176470588,753.52893797671,1.6542463303548904,-66.55288011346452
0.03,0.1,0.02,2.0,500000.0,30,187,31.016042780748666,9168.326648642782,2.6082211529971113,-32.39308533224385
0.03,0.1,0.02,2.0,1000000.0,0,530,28.30188679245283,121530.56701067297,1.956037094721294,-81.95473263388993
0.03,0.1,0.02,2.0,1000000.0,5,423,24.113475177304963,4314.514186071432,1.656637560110714,-88.6309069948799
0.03,0.1,0.02,2.0,1000000.0,10,322,27.639751552795033,16665.25302843848,2.083406895369814,-64.3400570606037
0.03,0.1,0.02,2.0,1000000.0,20,238,23.52941176470588,753.52893797671,1.6542463303548904,-66.55288011346452
0.03,0.1,0.02,2.0,1000000.0,30,187,31.016042780748666,9168.326648642782,2.6082211529971113,-32.39308533224385
0.03,0.1,0.02,2.0,5000000.0,0,530,28.30188679245283,121530.56701067297,1.956037094721294,-81.95473263388993
0.03,0.1,0.02,2.0,5000000.0,5,423,24.113475177304963,4314.514186071432,1.656637560110714,-88.6309069948799
0.03,0.1,0.02,2.0,5000000.0,10,322,27.639751552795033,16665.25302843848,2.083406895369814,-64.3400570606037
0.03,0.1,0.02,2.0,5000000.0,20,238,23.52941176470588,753.52893797671,1.6542463303548904,-66.55288011346452
0.03,0.1,0.02,2.0,5000000.0,30,187,31.016042780748666,9168.326648642782,2.6082211529971113,-32.39308533224385
0.03,0.1,0.02,2.5,500000.0,0,486,23.25102880658436,15792.561790396505,1.807102051409102,-86.02909679597803
0.03,0.1,0.02,2.5,500000.0,5,390,20.51282051282051,1468.3602797248686,1.605548118838647,-89.15042751199631
0.03,0.1,0.02,2.5,500000.0,10,297,24.242424242424242,6189.776111505348,1.9724026492646947,-66.51153957786126
0.03,0.1,0.02,2.5,500000.0,20,222,25.225225225225223,1135.7156331413457,1.7920095659021396,-59.641648588192744
0.03,0.1,0.02,2.5,500000.0,30,177,29.37853107344633,9122.046995897024,2.693810588172058,-40.768439408107696
0.03,0.1,0.02,2.5,1000000.0,0,486,23.25102880658436,15792.561790396505,1.807102051409102,-86.02909679597803
0.03,0.1,0.02,2.5,1000000.0,5,390,20.51282051282051,1468.3602797248686,1.605548118838647,-89.15042751199631
0.03,0.1,0.02,2.5,1000000.0,10,297,24.242424242424242,6189.776111505348,1.9724026492646947,-66.51153957786126
0.03,0.1,0.02,2.5,1000000.0,20,222,25.225225225225223,1135.7156331413457,1.7920095659021396,-59.641648588192744
0.03,0.1,0.02,2.5,1000000.0,30,177,29.37853107344633,9122.046995897024,2.693810588172058,-40.768439408107696
0.03,0.1,0.02,2.5,5000000.0,0,486,23.25102880658436,15792.561790396505,1.807102051409102,-86.02909679597803
0.03,0.1,0.02,2.5,5000000.0,5,390,20.51282051282051,1468.3602797248686,1.605548118838647,-89.15042751199631
0.03,0.1,0.02,2.5,5000000.0,10,297,24.242424242424242,6189.776111505348,1.9724026492646947,-66.51153957786126
0.03,0.1,0.02,2.5,5000000.0,20,222,25.225225225225223,1135.7156331413457,1.7920095659021396,-59.641648588192744
0.03,0.1,0.02,2.5,5000000.0,30,177,29.37853107344633,9122.046995897024,2.693810588172058,-40.768439408107696
0.03,0.1,0.02,3.0,500000.0,0,446,22.19730941704036,7488.974226184777,1.8086226777564436,-86.75840822883254
0.03,0.1,0.02,3.0,500000.0,5,352,21.59090909090909,1300.2576814182485,1.6903266632769125,-88.51514172984305
0.03,0.1,0.02,3.0,500000.0,10,271,25.092250922509223,4098.522433987852,2.0068274352015854,-69.25476338792369
0.03,0.1,0.02,3.0,500000.0,20,215,22.790697674418606,827.2325050154045,1.8065936975253638,-63.41019866853157
0.03,0.1,0.02,3.0,500000.0,30,165,28.484848484848484,3697.287639572312,2.525468900527111,-46.318386744227546
0.03,0.1,0.02,3.0,1000000.0,0,446,22.19730941704036,7488.974226184777,1.8086226777564436,-86.75840822883254
0.03,0.1,0.02,3.0,1000000.0,5,352,21.59090909090909,1300.2576814182485,1.6903266632769125,-88.51514172984305
0.03,0.1,0.02,3.0,1000000.0,10,271,25.092250922509223,4098.522433987852,2.0068274352015854,-69.25476338792369
0.03,0.1,0.02,3.0,1000000.0,20,215,22.790697674418606,827.2325050154045,1.8065936975253638,-63.41019866853157
0.03,0.1,0.02,3.0,1000000.0,30,165,28.484848484848484,3697.287639572312,2.525468900527111,-46.318386744227546
0.03,0.1,0.02,3.0,5000000.0,0,446,22.19730941704036,7488.974226184777,1.8086226777564436,-86.75840822883254
0.03,0.1,0.02,3.0,5000000.0,5,352,21.59090909090909,1300.2576814182485,1.6903266632769125,-88.51514172984305
0.03,0.1,0.02,3.0,5000000.0,10,271,25.092250922509223,4098.522433987852,2.0068274352015854,-69.25476338792369
0.03,0.1,0.02,3.0,5000000.0,20,215,22.790697674418606,827.2325050154045,1.8065936975253638,-63.41019866853157
0.03,0.1,0.02,3.0,5000000.0,30,165,28.484848484848484,3697.287639572312,2.525468900527111,-46.318386744227546
0.05,0.06,0.01,2.0,500000.0,0,449,38.97550111358575,19649.42872499706,1.7022710048636915,-90.66419169558779
0.05,0.06,0.01,2.0,500000.0,5,363,38.56749311294766,6731.445607037302,1.7053568732811335,-89.01816449241055
0.05,0.06,0.01,2.0,500000.0,10,314,40.445859872611464,6238.450532031813,1.7874019482038934,-75.3421224706887
0.05,0.06,0.01,2.0,500000.0,20,241,39.004149377593365,258.2580455846609,1.383596254538194,-83.04269584287535
0.05,0.06,0.01,2.0,500000.0,30,187,36.36363636363637,912.8908259732805,1.6618928275951892,-53.45867052818287
0.05,0.06,0.01,2.0,1000000.0,0,449,38.97550111358575,19649.42872499706,1.7022710048636915,-90.66419169558779
0.05,0.06,0.01,2.0,1000000.0,5,363,38.56749311294766,6731.445607037302,1.7053568732811335,-89.01816449241055
0.05,0.06,0.01,2.0,1000000.0,10,314,40.445859872611464,6238.450532031813,1.7874019482038934,-75.3421224706887
0.05,0.06,0.01,2.0,1000000.0,20,241,39.004149377593365,258.2580455846609,1.383596254538194,-83.04269584287535
0.05,0.06,0.01,2.0,1000000.0,30,187,36.36363636363637,912.8908259732805,1.6618928275951892,-53.45867052818287
0.05,0.06,0.01,2.0,5000000.0,0,449,38.97550111358575,19649.42872499706,1.7022710048636915,-90.66419169558779
0.05,0.06,0.01,2.0,5000000.0,5,363,38.56749311294766,6731.445607037302,1.7053568732811335,-89.01816449241055
0.05,0.06,0.01,2.0,5000000.0,10,314,40.445859872611464,6238.450532031813,1.7874019482038934,-75.3421224706887
0.05,0.06,0.01,2.0,5000000.0,20,241,39.004149377593365,258.2580455846609,1.383596254538194,-83.04269584287535
0.05,0.06,0.01,2.0,5000000.0,30,187,36.36363636363637,912.8908259732805,1.6618928275951892,-53.45867052818287
0.05,0.06,0.01,2.5,500000.0,0,393,38.42239185750636,4903.079225153645,1.6458459398998893,-93.62575445287956
0.05,0.06,0.01,2.5,500000.0,5,318,38.05031446540881,5825.556797011053,1.7669215341468811,-85.07456748086678
0.05,0.06,0.01,2.5,500000.0,10,275,39.63636363636363,7521.701815026889,1.9045187089678357,-74.23192670249013
0.05,0.06,0.01,2.5,500000.0,20,222,38.73873873873874,719.6272061896728,1.5912090210930088,-79.21029804045774
0.05,0.06,0.01,2.5,500000.0,30,178,38.764044943820224,712.6153079249185,1.6689197163751384,-55.82401166375315
0.05,0.06,0.01,2.5,1000000.0,0,393,38.42239185750636,4903.079225153645,1.6458459398998893,-93.62575445287956
0.05,0.06,0.01,2.5,1000000.0,5,318,38.05031446540881,5825.556797011053,1.7669215341468811,-85.07456748086678
0.05,0.06,0.01,2.5,1000000.0,10,275,39.63636363636363,7521.701815026889,1.9045187089678357,-74.23192670249013
0.05,0.06,0.01,2.5,1000000.0,20,222,38.73873873873874,719.6272061896728,1.5912090210930088,-79.21029804045774
0.05,0.06,0.01,2.5,1000000.0,30,178,38.764044943820224,712.6153079249185,1.6689197163751384,-55.82401166375315
0.05,0.06,0.01,2.5,5000000.0,0,393,38.42239185750636,4903.079225153645,1.6458459398998893,-93.62575445287956
0.05,0.06,0.01,2.5,5000000.0,5,318,38.05031446540881,5825.556797011053,1.7669215341468811,-85.07456748086678
0.05,0.06,0.01,2.5,5000000.0,10,275,39.63636363636363,7521.701815026889,1.9045187089678357,-74.23192670249013
0.05,0.06,0.01,2.5,5000000.0,20,222,38.73873873873874,719.6272061896728,1.5912090210930088,-79.21029804045774
0.05,0.06,0.01,2.5,5000000.0,30,178,38.764044943820224,712.6153079249185,1.6689197163751384,-55.82401166375315
0.05,0.06,0.01,3.0,500000.0,0,354,39.26553672316384,3456.8809616574613,1.7043283963664042,-93.23671068507474
0.05,0.06,0.01,3.0,500000.0,5,295,38.983050847457626,1988.5452303025627,1.727983010750992,-91.64115354591101
0.05,0.06,0.01,3.0,500000.0,10,258,43.798449612403104,6705.091486206326,2.0209327333081615,-71.46985417392939
0.05,0.06,0.01,3.0,500000.0,20,210,39.523809523809526,370.3777699100928,1.5548975656753068,-83.00937971679076
0.05,0.06,0.01,3.0,500000.0,30,171,39.76608187134503,385.3662168275215,1.6808011846305426,-70.29136093270132
0.05,0.06,0.01,3.0,1000000.0,0,354,39.26553672316384,3456.8809616574613,1.7043283963664042,-93.23671068507474
0.05,0.06,0.01,3.0,1000000.0,5,295,38.983050847457626,1988.5452303025627,1.727983010750992,-91.64115354591101
0.05,0.06,0.01,3.0,1000000.0,10,258,43.798449612403104,6705.091486206326,2.0209327333081615,-71.46985417392939
0.05,0.06,0.01,3.0,1000000.0,20,210,39.523809523809526,370.3777699100928,1.5548975656753068,-83.00937971679076
0.05,0.06,0.01,3.0,1000000.0,30,171,39.76608187134503,385.3662168275215,1.6808011846305426,-70.29136093270132
0.05,0.06,0.01,3.0,5000000.0,0,354,39.26553672316384,3456.8809616574613,1.7043283963664042,-93.23671068507474
0.05,0.06,0.01,3.0,5000000.0,5,295,38.983050847457626,1988.5452303025627,1.727983010750992,-91.64115354591101
0.05,0.06,0.01,3.0,5000000.0,10,258,43.798449612403104,6705.091486206326,2.0209327333081615,-71.46985417392939
0.05,0.06,0.01,3.0,5000000.0,20,210,39.523809523809526,370.3777699100928,1.5548975656753068,-83.00937971679076
0.05,0.06,0.01,3.0,5000000.0,30,171,39.76608187134503,385.3662168275215,1.6808011846305426,-70.29136093270132
0.05,0.06,0.02,2.0,500000.0,0,453,39.0728476821192,26936.692032334155,1.7144347558241677,-89.36826067784092
0.05,0.06,0.02,2.0,500000.0,5,365,38.35616438356164,8749.913490450816,1.7206145452364559,-86.8685411942365
0.05,0.06,0.02,2.0,500000.0,10,318,40.25157232704403,7830.322184622565,1.796693505723064,-74.48417325435045
0.05,0.06,0.02,2.0,500000.0,20,242,39.66942148760331,515.101005211781,1.470058904287996,-80.9817930714046
0.05,0.06,0.02,2.0,500000.0,30,190,37.368421052631575,946.5347208789227,1.6589745297836707,-52.13304194110444
0.05,0.06,0.02,2.0,1000000.0,0,453,39.0728476821192,26936.692032334155,1.7144347558241677,-89.36826067784092
0.05,0.06,0.02,2.0,1000000.0,5,365,38.35616438356164,8749.913490450816,1.7206145452364559,-86.8685411942365
0.05,0.06,0.02,2.0,1000000.0,10,318,40.25157232704403,7830.322184622565,1.796693505723064,-74.48417325435045
0.05,0.06,0.02,2.0,1000000.0,20,242,39.66942148760331,515.101005211781,1.470058904287996,-80.9817930714046
0.05,0.06,0.02,2.0,1000000.0,30,190,37.368421052631575,946.5347208789227,1.6589745297836707,-52.13304194110444
0.05,0.06,0.02,2.0,5000000.0,0,453,39.0728476821192,26936.692032334155,1.7144347558241677,-89.36826067784092
0.05,0.06,0.02,2.0,5000000.0,5,365,38.35616438356164,8749.913490450816,1.7206145452364559,-86.8685411942365
0.05,0.06,0.02,2.0,5000000.0,10,318,40.25157232704403,7830.322184622565,1.796693505723064,-74.48417325435045
0.05,0.06,0.02,2.0,5000000.0,20,242,39.66942148760331,515.101005211781,1.470058904287996,-80.9817930714046
0.05,0.06,0.02,2.0,5000000.0,30,190,37.368421052631575,946.5347208789227,1.6589745297836707,-52.13304194110444
0.05,0.06,0.02,2.5,500000.0,0,407,38.82063882063882,5407.735826084612,1.6295987191784673,-92.73989061826597
0.05,0.06,0.02,2.5,500000.0,5,327,38.226299694189606,5395.245842217775,1.7298106722103053,-83.3228950784978
0.05,0.06,0.02,2.5,500000.0,10,284,39.08450704225352,5615.303818989374,1.8122460719239493,-76.92379056704469
0.05,0.06,0.02,2.5,500000.0,20,226,38.49557522123894,562.1820536591235,1.522587572873591,-81.4013008928183
0.05,0.06,0.02,2.5,500000.0,30,180,37.22222222222222,493.3076820968825,1.5797388283792633,-55.01962796869028
0.05,0.06,0.02,2.5,1000000.0,0,407,38.82063882063882,5407.735826084612,1.6295987191784673,-92.73989061826597
0.05,0.06,0.02,2.5,1000000.0,5,327,38.226299694189606,5395.245842217775,1.7298106722103053,-83.3228950784978
0.05,0.06,0.02,2.5,1000000.0,10,284,39.08450704225352,5615.303818989374,1.8122460719239493,-76.92379056704469
0.05,0.06,0.02,2.5,1000000.0,20,226,38.49557522123894,562.1820536591235,1.522587572873591,-81.4013008928183
0.05,0.06,0.02,2.5,1000000.0,30,180,37.22222222222222,493.3076820968825,1.5797388283792633,-55.01962796869028
0.05,0.06,0.02,2.5,5000000.0,0,407,38.82063882063882,5407.735826084612,1.6295987191784673,-92.73989061826597
0.05,0.06,0.02,2.5,5000000.0,5,327,38.226299694189606,5395.245842217775,1.7298106722103053,-83.3228950784978
0.05,0.06,0.02,2.5,5000000.0,10,284,39.08450704225352,5615.303818989374,1.8122460719239493,-76.92379056704469
0.05,0.06,0.02,2.5,5000000.0,20,226,38.49557522123894,562.1820536591235,1.522587572873591,-81.4013008928183
0.05,0.06,0.02,2.5,5000000.0,30,180,37.22222222222222,493.3076820968825,1.5797388283792633,-55.01962796869028
0.05,0.06,0.02,3.0,500000.0,0,375,39.733333333333334,3591.4263357260106,1.6696099439082848,-92.19873437373664
0.05,0.06,0.02,3.0,500000.0,5,304,40.131578947368425,4204.870741945626,1.8045237440467132,-85.41979195014527
0.05,0.06,0.02,3.0,500000.0,10,269,40.520446096654275,3798.1874673028947,1.8532876073878515,-74.16726453605739
0.05,0.06,0.02,3.0,500000.0,20,213,38.497652582159624,343.8887188919242,1.512971165715021,-84.12172863165486
0.05,0.06,0.02,3.0,500000.0,30,174,41.37931034482759,682.1163666334146,1.7838632113571347,-67.74364013437557
0.05,0.06,0.02,3.0,1000000.0,0,375,39.733333333333334,3591.4263357260106,1.6696099439082848,-92.19873437373664
0.05,0.06,0.02,3.0,1000000.0,5,304,40.131578947368425,4204.870741945626,1.8045237440467132,-85.41979195014527
0.05,0.06,0.02,3.0,1000000.0,10,269,40.520446096654275,3798.1874673028947,1.8532876073878515,-74.16726453605739
0.05,0.06,0.02,3.0,1000000.0,20,213,38.497652582159624,343.8887188919242,1.512971165715021,-84.12172863165486
0.05,0.06,0.02,3.0,1000000.0,30,174,41.37931034482759,682.1163666334146,1.7838632113571347,-67.74364013437557
0.05,0.06,0.02,3.0,5000000.0,0,375,39.733333333333334,3591.4263357260106,1.6696099439082848,-92.19873437373664
0.05,0.06,0.02,3.0,5000000.0,5,304,40.131578947368425,4204.870741945626,1.8045237440467132,-85.41979195014527
0.05,0.06,0.02,3.0,5000000.0,10,269,40.520446096654275,3798.1874673028947,1.8532876073878515,-74.16726453605739
0.05,0.06,0.02,3.0,5000000.0,20,213,38.497652582159624,343.8887188919242,1.512971165715021,-84.12172863165486
0.05,0.06,0.02,3.0,5000000.0,30,174,41.37931034482759,682.1163666334146,1.7838632113571347,-67.74364013437557
0.05,0.1,0.01,2.0,500000.0,0,425,32.70588235294118,18046.93801459858,1.7039696619504106,-92.58466021351511
0.05,0.1,0.01,2.0,500000.0,5,350,31.428571428571427,4525.996147325806,1.648834869347576,-86.42433139345601
0.05,0.1,0.01,2.0,500000.0,10,293,33.78839590443686,5427.237201686547,1.75307796897089,-76.96749195335698
0.05,0.1,0.01,2.0,500000.0,20,217,31.336405529953915,731.139000601582,1.5653601571700508,-63.55920434321789
0.05,0.1,0.01,2.0,500000.0,30,179,31.843575418994412,344.3289930016443,1.4787121231283264,-57.842718343180444
0.05,0.1,0.01,2.0,1000000.0,0,425,32.70588235294118,18046.93801459858,1.7039696619504106,-92.58466021351511
0.05,0.1,0.01,2.0,1000000.0,5,350,31.428571428571427,4525.996147325806,1.648834869347576,-86.42433139345601
0.05,0.1,0.01,2.0,1000000.0,10,293,33.78839590443686,5427.237201686547,1.75307796897089,-76.96749195335698
0.05,0.1,0.01,2.0,1000000.0,20,217,31.336405529953915,731.139000601582,1.5653601571700508,-63.55920434321789
0.05,0.1,0.01,2.0,1000000.0,30,179,31.843575418994412,344.3289930016443,1.4787121231283264,-57.842718343180444
0.05,0.1,0.01,2.0,5000000.0,0,425,32.70588235294118,18046.93801459858,1.7039696619504106,-92.58466021351511
0.05,0.1,0.01,2.0,5000000.0,5,350,31.428571428571427,4525.996147325806,1.648834869347576,-86.42433139345601
0.05,0.1,0.01,2.0,5000000.0,10,293,33.78839590443686,5427.237201686547,1.75307796897089,-76.96749195335698
0.05,0.1,0.01,2.0,5000000.0,20,217,31.336405529953915,731.139000601582,1.5653601571700508,-63.55920434321789
0.05,0.1,0.01,2.0,5000000.0,30,179,31.843575418994412,344.3289930016443,1.4787121231283264,-57.842718343180444
0.05,0.1,0.01,2.5,500000.0,0,368,29.6195652173913,3005.4606535841394,1.6033558276171322,-94.71116249792979
0.05,0.1,0.01,2.5,500000.0,5,301,29.2358803986711,2353.635139078827,1.6466859746023679,-84.5786344714494
0.05,0.1,0.01,2.5,500000.0,10,255,30.19607843137255,3379.134322605262,1.7791842787835237,-82.87008934626992
0.05,0.1,0.01,2.5,500000.0,20,199,27.1356783919598,493.25551843685025,1.5607034616638078,-71.12837771363064
0.05,0.1,0.01,2.5,500000.0,30,164,31.70731707317073,593.3411955578202,1.658440871146075,-61.03736626873547
0.05,0.1,0.01,2.5,1000000.0,0,368,29.6195652173913,3005.4606535841394,1.6033558276171322,-94.71116249792979
0.05,0.1,0.01,2.5,1000000.0,5,301,29.2358803986711,2353.635139078827,1.6466859746023679,-84.5786344714494
0.05,0.1,0.01,2.5,1000000.0,10,255,30.19607843137255,3379.134322605262,1.7791842787835237,-82.87008934626992
0.05,0.1,0.01,2.5,1000000.0,20,199,27.1356783919598,493.25551843685025,1.5607034616638078,-71.12837771363064
0.05,0.1,0.01,2.5,1000000.0,30,164,31.70731707317073,593.3411955578202,1.658440871146075,-61.03736626873547
0.05,0.1,0.01,2.5,5000000.0,0,368,29.6195652173913,3005.4606535841394,1.6033558276171322,-94.71116249792979
0.05,0.1,0.01,2.5,5000000.0,5,301,29.2358803986711,2353.635139078827,1.6466859746023679,-84.5786344714494
0.05,0.1,0.01,2.5,5000000.0,10,255,30.19607843137255,3379.134322605262,1.7791842787835237,-82.87008934626992
0.05,0.1,0.01,2.5,5000000.0,20,199,27.1356783919598,493.25551843685025,1.5607034616638078,-71.12837771363064
0.05,0.1,0.01,2.5,5000000.0,30,164,31.70731707317073,593.3411955578202,1.658440871146075,-61.03736626873547
0.05,0.1,0.01,3.0,500000.0,0,320,30.312499999999996,2870.212857283881,1.696238749358968,-92.97784418244348
0.05,0.1,0.01,3.0,500000.0,5,273,31.135531135531135,1062.6714245630499,1.6315905094732852,-90.72832478575327
0.05,0.1,0.01,3.0,500000.0,10,233,31.330472103004293,2035.772227109257,1.8086919000704993,-78.87533650801709
0.05,0.1,0.01,3.0,500000.0,20,183,25.683060109289617,366.97610601633846,1.5852097528255276,-77.626302550155
0.05,0.1,0.01,3.0,500000.0,30,153,32.02614379084967,672.8805689332006,1.8424072988241074,-71.45183537303559
0.05,0.1,0.01,3.0,1000000.0,0,320,30.312499999999996,2870.212857283881,1.696238749358968,-92.97784418244348
0.05,0.1,0.01,3.0,1000000.0,5,273,31.135531135531135,1062.6714245630499,1.6315905094732852,-90.72832478575327
0.05,0.1,0.01,3.0,1000000.0,10,233,31.330472103004293,2035.772227109257,1.8086919000704993,-78.87533650801709
0.05,0.1,0.01,3.0,1000000.0,20,183,25.683060109289617,366.97610601633846,1.5852097528255276,-77.626302550155
0.05,0.1,0.01,3.0,1000000.0,30,153,32.02614379084967,672.8805689332006,1.8424072988241074,-71.45183537303559
0.05,0.1,0.01,3.0,5000000.0,0,320,30.312499999999996,2870.212857283881,1.696238749358968,-92.97784418244348
0.05,0.1,0.01,3.0,5000000.0,5,273,31.135531135531135,1062.6714245630499,1.6315905094732852,-90.72832478575327
0.05,0.1,0.01,3.0,5000000.0,10,233,31.330472103004293,2035.772227109257,1.8086919000704993,-78.87533650801709
0.05,0.1,0.01,3.0,5000000.0,20,183,25.683060109289617,366.97610601633846,1.5852097528255276,-77.626302550155
0.05,0.1,0.01,3.0,5000000.0,30,153,32.02614379084967,672.8805689332006,1.8424072988241074,-71.45183537303559
0.05,0.1,0.02,2.0,500000.0,0,426,32.629107981220656,18779.110347872313,1.703964824990678,-92.4359980997973
0.05,0.1,0.02,2.0,500000.0,5,350,31.71428571428571,5228.089698040764,1.664265879035047,-84.63628889189559
0.05,0.1,0.02,2.0,500000.0,10,294,34.01360544217687,5472.092568299668,1.7521311743134005,-77.69552494693487
0.05,0.1,0.02,2.0,500000.0,20,218,31.65137614678899,643.9031195538919,1.5480743363746583,-65.00252722015499
0.05,0.1,0.02,2.0,500000.0,30,180,32.22222222222222,310.954226498695,1.4586522736373242,-59.961585849905255
0.05,0.1,0.02,2.0,1000000.0,0,426,32.629107981220656,18779.110347872313,1.703964824990678,-92.4359980997973
0.05,0.1,0.02,2.0,1000000.0,5,350,31.71428571428571,5228.089698040764,1.664265879035047,-84.63628889189559
0.05,0.1,0.02,2.0,1000000.0,10,294,34.01360544217687,5472.092568299668,1.7521311743134005,-77.69552494693487
0.05,0.1,0.02,2.0,1000000.0,20,218,31.65137614678899,643.9031195538919,1.5480743363746583,-65.00252722015499
0.05,0.1,0.02,2.0,1000000.0,30,180,32.22222222222222,310.954226498695,1.4586522736373242,-59.961585849905255
0.05,0.1,0.02,2.0,5000000.0,0,426,32.629107981220656,18779.110347872313,1.703964824990678,-92.4359980997973
0.05,0.1,0.02,2.0,5000000.0,5,350,31.71428571428571,5228.089698040764,1.664265879035047,-84.63628889189559
0.05,0.1,0.02,2.0,5000000.0,10,294,34.01360544217687,5472.092568299668,1.7521311743134005,-77.69552494693487
0.05,0.1,0.02,2.0,5000000.0,20,218,31.65137614678899,643.9031195538919,1.5480743363746583,-65.00252722015499
0.05,0.1,0.02,2.0,5000000.0,30,180,32.22222222222222,310.954226498695,1.4586522736373242,-59.961585849905255
0.05,0.1,0.02,2.5,500000.0,0,370,29.72972972972973,3375.9037317861867,1.6120821623411778,-94.57374149103501
0.05,0.1,0.02,2.5,500000.0,5,304,28.947368421052634,2194.400638907946,1.62938501287373,-83.56501897407473
0.05,0.1,0.02,2.5,500000.0,10,258,30.620155038759687,3347.7384991474983,1.7684842691976195,-82.76438489612067
0.05,0.1,0.02,2.5,500000.0,20,199,27.63819095477387,548.5840315058715,1.5731857186749791,-72.39360510756251
0.05,0.1,0.02,2.5,500000.0,30,165,30.303030303030305,259.52809634832687,1.5008157513696379,-62.60263429014579
0.05,0.1,0.02,2.5,1000000.0,0,370,29.72972972972973,3375.9037317861867,1.6120821623411778,-94.57374149103501
0.05,0.1,0.02,2.5,1000000.0,5,304,28.947368421052634,2194.400638907946,1.62938501287373,-83.56501897407473
0.05,0.1,0.02,2.5,1000000.0,10,258,30.620155038759687,3347.7384991474983,1.7684842691976195,-82.76438489612067
0.05,0.1,0.02,2.5,1000000.0,20,199,27.63819095477387,548.5840315058715,1.5731857186749791,-72.39360510756251
0.05,0.1,0.02,2.5,1000000.0,30,165,30.303030303030305,259.52809634832687,1.5008157513696379,-62.60263429014579
0.05,0.1,0.02,2.5,5000000.0,0,370,29.72972972972973,3375.9037317861867,1.6120821623411778,-94.57374149103501
0.05,0.1,0.02,2.5,5000000.0,5,304,28.947368421052634,2194.400638907946,1.62938501287373,-83.56501897407473
0.05,0.1,0.02,2.5,5000000.0,10,258,30.620155038759687,3347.7384991474983,1.7684842691976195,-82.76438489612067
0.05,0.1,0.02,2.5,5000000.0,20,199,27.63819095477387,548.5840315058715,1.5731857186749791,-72.39360510756251
0.05,0.1,0.02,2.5,5000000.0,30,165,30.303030303030305,259.52809634832687,1.5008157513696379,-62.60263429014579
0.05,0.1,0.02,3.0,500000.0,0,328,30.182926829268293,2697.9245245713323,1.6736299755392103,-93.01360693197338
0.05,0.1,0.02,3.0,500000.0,5,275,31.636363636363633,1337.2554545834437,1.6576397146584172,-89.47434578706098
0.05,0.1,0.02,3.0,500000.0,10,240,30.833333333333336,1217.785946598789,1.7018692677077565,-84.87755566045607
0.05,0.1,0.02,3.0,500000.0,20,184,26.6304347826087,385.9778489810444,1.5883999149647028,-79.41619611044769
0.05,0.1,0.02,3.0,500000.0,30,156,33.33333333333333,680.227620555181,1.834135899604803,-70.49998670535614
0.05,0.1,0.02,3.0,1000000.0,0,328,30.182926829268293,2697.9245245713323,1.6736299755392103,-93.01360693197338
0.05,0.1,0.02,3.0,1000000.0,5,275,31.636363636363633,1337.2554545834437,1.6576397146584172,-89.47434578706098
0.05,0.1,0.02,3.0,1000000.0,10,240,30.833333333333336,1217.785946598789,1.7018692677077565,-84.87755566045607
0.05,0.1,0.02,3.0,1000000.0,20,184,26.6304347826087,385.9778489810444,1.5883999149647028,-79.41619611044769
0.05,0.1,0.02,3.0,1000000.0,30,156,33.33333333333333,680.227620555181,1.834135899604803,-70.49998670535614
0.05,0.1,0.02,3.0,5000000.0,0,328,30.182926829268293,2697.9245245713323,1.6736299755392103,-93.01360693197338
0.05,0.1,0.02,3.0,5000000.0,5,275,31.636363636363633,1337.2554545834437,1.6576397146584172,-89.47434578706098
0.05,0.1,0.02,3.0,5000000.0,10,240,30.833333333333336,1217.785946598789,1.7018692677077565,-84.87755566045607
0.05,0.1,0.02,3.0,5000000.0,20,184,26.6304347826087,385.9778489810444,1.5883999149647028,-79.41619611044769
0.05,0.1,0.02,3.0,5000000.0,30,156,33.33333333333333,680.227620555181,1.834135899604803,-70.49998670535614
0.08,0.06,0.01,2.0,500000.0,0,380,41.31578947368421,9954.448680328074,1.6374110770403385,-89.9424018796588
0.08,0.06,0.01,2.0,500000.0,5,322,42.2360248447205,1654.7790210438038,1.524181112040513,-92.65390950570954
0.08,0.06,0.01,2.0,500000.0,10,282,42.198581560283685,859.1887102234883,1.475613777131703,-84.73711745678422
0.08,0.06,0.01,2.0,500000.0,20,229,45.851528384279476,1679.8895089203927,1.6412181268771602,-81.60442653076994
0.08,0.06,0.01,2.0,500000.0,30,190,45.78947368421053,3201.719674028493,1.9554397869333024,-66.27239308795494
0.08,0.06,0.01,2.0,1000000.0,0,380,41.31578947368421,9954.448680328074,1.6374110770403385,-89.9424018796588
0.08,0.06,0.01,2.0,1000000.0,5,322,42.2360248447205,1654.7790210438038,1.524181112040513,-92.65390950570954
0.08,0.06,0.01,2.0,1000000.0,10,282,42.198581560283685,859.1887102234883,1.475613777131703,-84.73711745678422
0.08,0.06,0.01,2.0,1000000.0,20,229,45.851528384279476,1679.8895089203927,1.6412181268771602,-81.60442653076994
0.08,0.06,0.01,2.0,1000000.0,30,190,45.78947368421053,3201.719674028493,1.9554397869333024,-66.27239308795494
0.08,0.06,0.01,2.0,5000000.0,0,380,41.31578947368421,9954.448680328074,1.6374110770403385,-89.9424018796588
0.08,0.06,0.01,2.0,5000000.0,5,322,42.2360248447205,1654.7790210438038,1.524181112040513,-92.65390950570954
0.08,0.06,0.01,2.0,5000000.0,10,282,42.198581560283685,859.1887102234883,1.475613777131703,-84.73711745678422
0.08,0.06,0.01,2.0,5000000.0,20,229,45.851528384279476,1679.8895089203927,1.6412181268771602,-81.60442653076994
0.08,0.06,0.01,2.0,5000000.0,30,190,45.78947368421053,3201.719674028493,1.9554397869333024,-66.27239308795494
0.08,0.06,0.01,2.5,500000.0,0,315,43.492063492063494,2941.226874935471,1.6038557946890466,-90.7141261748434
0.08,0.06,0.01,2.5,500000.0,5,276,42.391304347826086,855.0247080205759,1.5310739014498091,-90.70137509469745
0.08,0.06,0.01,2.5,500000.0,10,246,43.49593495934959,615.7604703714986,1.4903140896177869,-88.70694306187164
0.08,0.06,0.01,2.5,500000.0,20,204,43.13725490196079,394.13609664554866,1.4556324242217438,-85.63298589442977
0.08,0.06,0.01,2.5,500000.0,30,173,46.82080924855491,1527.4677587716105,1.7639430401248315,-62.18635550553145
0.08,0.06,0.01,2.5,1000000.0,0,315,43.492063492063494,2941.226874935471,1.6038557946890466,-90.7141261748434
0.08,0.06,0.01,2.5,1000000.0,5,276,42.391304347826086,855.0247080205759,1.5310739014498091,-90.70137509469745
0.08,0.06,0.01,2.5,1000000.0,10,246,43.49593495934959,615.7604703714986,1.4903140896177869,-88.70694306187164
0.08,0.06,0.01,2.5,1000000.0,20,204,43.13725490196079,394.13609664554866,1.4556324242217438,-85.63298589442977
0.08,0.06,0.01,2.5,1000000.0,30,173,46.82080924855491,1527.4677587716105,1.7639430401248315,-62.18635550553145
0.08,0.06,0.01,2.5,5000000.0,0,315,43.492063492063494,2941.226874935471,1.6038557946890466,-90.7141261748434
0.08,0.06,0.01,2.5,5000000.0,5,276,42.391304347826086,855.0247080205759,1.5310739014498091,-90.70137509469745
0.08,0.06,0.01,2.5,5000000.0,10,246,43.49593495934959,615.7604703714986,1.4903140896177869,-88.70694306187164
0.08,0.06,0.01,2.5,5000000.0,20,204,43.13725490196079,394.13609664554866,1.4556324242217438,-85.63298589442977
0.08,0.06,0.01,2.5,5000000.0,30,173,46.82080924855491,1527.4677587716105,1.7639430401248315,-62.18635550553145
0.08,0.06,0.01,3.0,500000.0,0,279,46.59498207885305,2688.4561802928183,1.68847039401844,-89.61238524030055
0.08,0.06,0.01,3.0,500000.0,5,247,45.34412955465587,653.238662285512,1.5781416358430893,-88.10921144606144
0.08,0.06,0.01,3.0,500000.0,10,219,46.118721461187214,483.2048241071628,1.5439962451273428,-90.2578159152516
0.08,0.06,0.01,3.0,500000.0,20,186,47.8494623655914,266.9174719267767,1.4919608353551639,-89.70386786994716
0.08,0.06,0.01,3.0,500000.0,30,163,50.920245398773,1415.3288342426777,1.9100844080442465,-84.66133664475865
0.08,0.06,0.01,3.0,1000000.0,0,279,46.59498207885305,2688.4561802928183,1.68847039401844,-89.61238524030055
0.08,0.06,0.01,3.0,1000000.0,5,247,45.34412955465587,653.238662285512,1.5781416358430893,-88.10921144606144
0.08,0.06,0.01,3.0,1000000.0,10,219,46.118721461187214,483.2048241071628,1.5439962451273428,-90.2578159152516
0.08,0.06,0.01,3.0,1000000.0,20,186,47.8494623655914,266.9174719267767,1.4919608353551639,-89.70386786994716
0.08,0.06,0.01,3.0,1000000.0,30,163,50.920245398773,1415.3288342426777,1.9100844080442465,-84.66133664475865
0.08,0.06,0.01,3.0,5000000.0,0,279,46.59498207885305,2688.4561802928183,1.68847039401844,-89.61238524030055
0.08,0.06,0.01,3.0,5000000.0,5,247,45.34412955465587,653.238662285512,1.5781416358430893,-88.10921144606144
0.08,0.06,0.01,3.0,5000000.0,10,219,46.118721461187214,483.2048241071628,1.5439962451273428,-90.2578159152516
0.08,0.06,0.01,3.0,5000000.0,20,186,47.8494623655914,266.9174719267767,1.4919608353551639,-89.70386786994716
0.08,0.06,0.01,3.0,5000000.0,30,163,50.920245398773,1415.3288342426777,1.9100844080442465,-84.66133664475865
0.08,0.06,0.02,2.0,500000.0,0,385,42.33766233766234,11051.107985413413,1.6316548162227456,-87.8916417219677
0.08,0.06,0.02,2.0,500000.0,5,327,43.11926605504588,1668.510529874354,1.50807140548369,-92.88658237419229
0.08,0.06,0.02,2.0,500000.0,10,285,42.45614035087719,1058.9747586002572,1.479660312853797,-83.72701191444489
0.08,0.06,0.02,2.0,500000.0,20,231,46.75324675324675,3121.9887685433614,1.730437708153225,-73.72264366930419
0.08,0.06,0.02,2.0,500000.0,30,195,47.179487179487175,3245.578474089935,1.9454595790209772,-63.50646689274222
0.08,0.06,0.02,2.0,1000000.0,0,385,42.33766233766234,11051.107985413413,1.6316548162227456,-87.8916417219677
0.08,0.06,0.02,2.0,1000000.0,5,327,43.11926605504588,1668.510529874354,1.50807140548369,-92.88658237419229
0.08,0.06,0.02,2.0,1000000.0,10,285,42.45614035087719,1058.9747586002572,1.479660312853797,-83.72701191444489
0.08,0.06,0.02,2.0,1000000.0,20,231,46.75324675324675,3121.9887685433614,1.730437708153225,-73.72264366930419
0.08,0.06,0.02,2.0,1000000.0,30,195,47.179487179487175,3245.578474089935,1.9454595790209772,-63.50646689274222
0.08,0.06,0.02,2.0,5000000.0,0,385,42.33766233766234,11051.107985413413,1.6316548162227456,-87.8916417219677
0.08,0.06,0.02,2.0,5000000.0,5,327,43.11926605504588,1668.510529874354,1.50807140548369,-92.88658237419229
0.08,0.06,0.02,2.0,5000000.0,10,285,42.45614035087719,1058.9747586002572,1.479660312853797,-83.72701191444489
0.08,0.06,0.02,2.0,5000000.0,20,231,46.75324675324675,3121.9887685433614,1.730437708153225,-73.72264366930419
0.08,0.06,0.02,2.0,5000000.0,30,195,47.179487179487175,3245.578474089935,1.9454595790209772,-63.50646689274222
0.08,0.06,0.02,2.5,500000.0,0,324,43.82716049382716,2249.8256046859956,1.5397368873901456,-88.86781587913933
0.08,0.06,0.02,2.5,500000.0,5,284,42.95774647887324,730.9497190791195,1.4984499429085205,-92.46798285744163
0.08,0.06,0.02,2.5,500000.0,10,253,45.8498023715415,1190.0524752341666,1.5535425520320307,-84.90987308042698
0.08,0.06,0.02,2.5,500000.0,20,209,44.49760765550239,612.749345280158,1.502393278789736,-83.88200923413275
0.08,0.06,0.02,2.5,500000.0,30,177,46.32768361581921,1723.6901999943107,1.7960057749417178,-74.98043594613486
0.08,0.06,0.02,2.5,1000000.0,0,324,43.82716049382716,2249.8256046859956,1.5397368873901456,-88.86781587913933
0.08,0.06,0.02,2.5,1000000.0,5,284,42.95774647887324,730.9497190791195,1.4984499429085205,-92.46798285744163
0.08,0.06,0.02,2.5,1000000.0,10,253,45.8498023715415,1190.0524752341666,1.5535425520320307,-84.90987308042698
0.08,0.06,0.02,2.5,1000000.0,20,209,44.49760765550239,612.749345280158,1.502393278789736,-83.88200923413275
0.08,0.06,0.02,2.5,1000000.0,30,177,46.32768361581921,1723.6901999943107,1.7960057749417178,-74.98043594613486
0.08,0.06,0.02,2.5,5000000.0,0,324,43.82716049382716,2249.8256046859956,1.5397368873901456,-88.86781587913933
0.08,0.06,0.02,2.5,5000000.0,5,284,42.95774647887324,730.9497190791195,1.4984499429085205,-92.46798285744163
0.08,0.06,0.02,2.5,5000000.0,10,253,45.8498023715415,1190.0524752341666,1.5535425520320307,-84.90987308042698
0.08,0.06,0.02,2.5,5000000.0,20,209,44.49760765550239,612.749345280158,1.502393278789736,-83.88200923413275
0.08,0.06,0.02,2.5,5000000.0,30,177,46.32768361581921,1723.6901999943107,1.7960057749417178,-74.98043594613486
0.08,0.06,0.02,3.0,500000.0,0,287,46.68989547038328,2297.565458087423,1.6292437984602208,-87.08616066609349
0.08,0.06,0.02,3.0,500000.0,5,255,45.09803921568628,625.4545810112002,1.5419140939090448,-84.83257876179081
0.08,0.06,0.02,3.0,500000.0,10,229,46.724890829694324,434.8543234478174,1.5021608603869032,-90.73196601196287
0.08,0.06,0.02,3.0,500000.0,20,191,47.64397905759162,408.3245716837493,1.5245051331574018,-89.75414438030433
0.08,0.06,0.02,3.0,500000.0,30,170,50.588235294117645,947.7617203245059,1.793441098303114,-83.56798662767496
0.08,0.06,0.02,3.0,1000000.0,0,287,46.68989547038328,2297.565458087423,1.6292437984602208,-87.08616066609349
0.08,0.06,0.02,3.0,1000000.0,5,255,45.09803921568628,625.4545810112002,1.5419140939090448,-84.83257876179081
0.08,0.06,0.02,3.0,1000000.0,10,229,46.724890829694324,434.8543234478174,1.5021608603869032,-90.73196601196287
0.08,0.06,0.02,3.0,1000000.0,20,191,47.64397905759162,408.3245716837493,1.5245051331574018,-89.75414438030433
0.08,0.06,0.02,3.0,1000000.0,30,170,50.588235294117645,947.7617203245059,1.793441098303114,-83.56798662767496
0.08,0.06,0.02,3.0,5000000.0,0,287,46.68989547038328,2297.565458087423,1.6292437984602208,-87.08616066609349
0.08,0.06,0.02,3.0,5000000.0,5,255,45.09803921568628,625.4545810112002,1.5419140939090448,-84.83257876179081
0.08,0.06,0.02,3.0,5000000.0,10,229,46.724890829694324,434.8543234478174,1.5021608603869032,-90.73196601196287
0.08,0.06,0.02,3.0,5000000.0,20,191,47.64397905759162,408.3245716837493,1.5245051331574018,-89.75414438030433
0.08,0.06,0.02,3.0,5000000.0,30,170,50.588235294117645,947.7617203245059,1.793441098303114,-83.56798662767496
0.08,0.1,0.01,2.0,500000.0,0,361,36.011080332409975,13594.456834178796,1.681226184796164,-88.5890060051927
0.08,0.1,0.01,2.0,500000.0,5,313,35.14376996805112,1271.5466241113047,1.4947913196491123,-94.47258762315008
0.08,0.1,0.01,2.0,500000.0,10,262,34.73282442748092,1139.080943725368,1.526114586641427,-85.48546097598918
0.08,0.1,0.01,2.0,500000.0,20,210,38.095238095238095,1163.1307162774679,1.6036567982419638,-78.67543243937915
0.08,0.1,0.01,2.0,500000.0,30,176,39.20454545454545,882.226759131213,1.6785763549612265,-68.48290278108541
0.08,0.1,0.01,2.0,1000000.0,0,361,36.011080332409975,13594.456834178796,1.681226184796164,-88.5890060051927
0.08,0.1,0.01,2.0,1000000.0,5,313,35.14376996805112,1271.5466241113047,1.4947913196491123,-94.47258762315008
0.08,0.1,0.01,2.0,1000000.0,10,262,34.73282442748092,1139.080943725368,1.526114586641427,-85.48546097598918
0.08,0.1,0.01,2.0,1000000.0,20,210,38.095238095238095,1163.1307162774679,1.6036567982419638,-78.67543243937915
0.08,0.1,0.01,2.0,1000000.0,30,176,39.20454545454545,882.226759131213,1.6785763549612265,-68.48290278108541
0.08,0.1,0.01,2.0,5000000.0,0,361,36.011080332409975,13594.456834178796,1.681226184796164,-88.5890060051927
0.08,0.1,0.01,2.0,5000000.0,5,313,35.14376996805112,1271.5466241113047,1.4947913196491123,-94.47258762315008
0.08,0.1,0.01,2.0,5000000.0,10,262,34.73282442748092,1139.080943725368,1.526114586641427,-85.48546097598918
0.08,0.1,0.01,2.0,5000000.0,20,210,38.095238095238095,1163.1307162774679,1.6036567982419638,-78.67543243937915
0.08,0.1,0.01,2.0,5000000.0,30,176,39.20454545454545,882.226759131213,1.6785763549612265,-68.48290278108541
0.08,0.1,0.01,2.5,500000.0,0,294,34.35374149659864,2109.643449018137,1.5759106424702591,-91.28866211779135
0.08,0.1,0.01,2.5,500000.0,5,257,32.68482490272373,441.7969047788689,1.461426406578505,-92.50926669737945
0.08,0.1,0.01,2.5,500000.0,10,223,34.52914798206278,1492.6810014082575,1.635287056373869,-82.96831647817457
0.08,0.1,0.01,2.5,500000.0,20,183,33.33333333333333,287.8883512967906,1.4344157499608787,-84.32841670699207
0.08,0.1,0.01,2.5,500000.0,30,153,34.64052287581699,460.9933223610712,1.575729785080448,-64.90428418835579
0.08,0.1,0.01,2.5,1000000.0,0,294,34.35374149659864,2109.643449018137,1.5759106424702591,-91.28866211779135
0.08,0.1,0.01,2.5,1000000.0,5,257,32.68482490272373,441.7969047788689,1.461426406578505,-92.50926669737945
0.08,0.1,0.01,2.5,1000000.0,10,223,34.52914798206278,1492.6810014082575,1.635287056373869,-82.96831647817457
0.08,0.1,0.01,2.5,1000000.0,20,183,33.33333333333333,287.8883512967906,1.4344157499608787,-84.32841670699207
0.08,0.1,0.01,2.5,1000000.0,30,153,34.64052287581699,460.9933223610712,1.575729785080448,-64.90428418835579
0.08,0.1,0.01,2.5,5000000.0,0,294,34.35374149659864,2109.643449018137,1.5759106424702591,-91.28866211779135
0.08,0.1,0.01,2.5,5000000.0,5,257,32.68482490272373,441.7969047788689,1.461426406578505,-92.50926669737945
0.08,0.1,0.01,2.5,5000000.0,10,223,34.52914798206278,1492.6810014082575,1.635287056373869,-82.96831647817457
0.08,0.1,0.01,2.5,5000000.0,20,183,33.33333333333333,287.8883512967906,1.4344157499608787,-84.32841670699207
0.08,0.1,0.01,2.5,5000000.0,30,153,34.64052287581699,460.9933223610712,1.575729785080448,-64.90428418835579
0.08,0.1,0.01,3.0,500000.0,0,256,35.15625,1614.6467144823166,1.6366064145457435,-91.23516599793456
0.08,0.1,0.01,3.0,500000.0,5,225,34.22222222222222,368.233944606961,1.5148466269301657,-89.91246377646718
0.08,0.1,0.01,3.0,500000.0,10,197,34.51776649746193,236.74763182511876,1.4781881824742966,-90.30582578960697
0.08,0.1,0.01,3.0,500000.0,20,164,36.58536585365854,225.4047560103419,1.4764237148986974,-90.03338216769525
0.08,0.1,0.01,3.0,500000.0,30,138,34.05797101449276,711.6300320869257,1.810996202404378,-81.50617780275655
0.08,0.1,0.01,3.0,1000000.0,0,256,35.15625,1614.6467144823166,1.6366064145457435,-91.23516599793456
0.08,0.1,0.01,3.0,1000000.0,5,225,34.22222222222222,368.233944606961,1.5148466269301657,-89.91246377646718
0.08,0.1,0.01,3.0,1000000.0,10,197,34.51776649746193,236.74763182511876,1.4781881824742966,-90.30582578960697
0.08,0.1,0.01,3.0,1000000.0,20,164,36.58536585365854,225.4047560103419,1.4764237148986974,-90.03338216769525
0.08,0.1,0.01,3.0,1000000.0,30,138,34.05797101449276,711.6300320869257,1.810996202404378,-81.50617780275655
0.08,0.1,0.01,3.0,5000000.0,0,256,35.15625,1614.6467144823166,1.6366064145457435,-91.23516599793456
0.08,0.1,0.01,3.0,5000000.0,5,225,34.22222222222222,368.233944606961,1.5148466269301657,-89.91246377646718
0.08,0.1,0.01,3.0,5000000.0,10,197,34.51776649746193,236.74763182511876,1.4781881824742966,-90.30582578960697
0.08,0.1,0.01,3.0,5000000.0,20,164,36.58536585365854,225.4047560103419,1.4764237148986974,-90.03338216769525
0.08,0.1,0.01,3.0,5000000.0,30,138,34.05797101449276,711.6300320869257,1.810996202404378,-81.50617780275655
0.08,0.1,0.02,2.0,500000.0,0,364,36.53846153846153,11292.631355462336,1.6573700505616438,-87.74925287717134
0.08,0.1,0.02,2.0,500000.0,5,315,35.23809523809524,1180.122735172265,1.4828063204393818,-94.96118401586666
0.08,0.1,0.02,2.0,500000.0,10,264,35.22727272727273,944.3316206161114,1.4938783626596144,-85.294464716014
0.08,0.1,0.02,2.0,500000.0,20,210,38.095238095238095,1141.8032255323606,1.5991191222731376,-79.24102421801398
0.08,0.1,0.02,2.0,500000.0,30,176,39.20454545454545,942.8667060981612,1.6897936832733071,-67.53745196259158
0.08,0.1,0.02,2.0,1000000.0,0,364,36.53846153846153,11292.631355462336,1.6573700505616438,-87.74925287717134
0.08,0.1,0.02,2.0,1000000.0,5,315,35.23809523809524,1180.122735172265,1.4828063204393818,-94.96118401586666
0.08,0.1,0.02,2.0,1000000.0,10,264,35.22727272727273,944.3316206161114,1.4938783626596144,-85.294464716014
0.08,0.1,0.02,2.0,1000000.0,20,210,38.095238095238095,1141.8032255323606,1.5991191222731376,-79.24102421801398
0.08,0.1,0.02,2.0,1000000.0,30,176,39.20454545454545,942.8667060981612,1.6897936832733071,-67.53745196259158
0.08,0.1,0.02,2.0,5000000.0,0,364,36.53846153846153,11292.631355462336,1.6573700505616438,-87.74925287717134
0.08,0.1,0.02,2.0,5000000.0,5,315,35.23809523809524,1180.122735172265,1.4828063204393818,-94.96118401586666
0.08,0.1,0.02,2.0,5000000.0,10,264,35.22727272727273,944.3316206161114,1.4938783626596144,-85.294464716014
0.08,0.1,0.02,2.0,5000000.0,20,210,38.095238095238095,1141.8032255323606,1.5991191222731376,-79.24102421801398
0.08,0.1,0.02,2.0,5000000.0,30,176,39.20454545454545,942.8667060981612,1.6897936832733071,-67.53745196259158
0.08,0.1,0.02,2.5,500000.0,0,299,35.11705685618729,1685.6843986956374,1.5311422725179884,-90.44850442293317
0.08,0.1,0.02,2.5,500000.0,5,264,32.196969696969695,179.36274796594898,1.3708078456498265,-95.03629262722463
0.08,0.1,0.02,2.5,500000.0,10,227,36.12334801762114,1408.6530417137344,1.6193070408518309,-83.32197283904044
0.08,0.1,0.02,2.5,500000.0,20,184,34.23913043478261,383.29252119294193,1.473286328826861,-84.64923224179289
0.08,0.1,0.02,2.5,500000.0,30,152,33.55263157894737,497.31556728898323,1.6118449059838666,-76.08552002274071
0.08,0.1,0.02,2.5,1000000.0,0,299,35.11705685618729,1685.6843986956374,1.5311422725179884,-90.44850442293317
0.08,0.1,0.02,2.5,1000000.0,5,264,32.196969696969695,179.36274796594898,1.3708078456498265,-95.03629262722463
0.08,0.1,0.02,2.5,1000000.0,10,227,36.12334801762114,1408.6530417137344,1.6193070408518309,-83.32197283904044
0.08,0.1,0.02,2.5,1000000.0,20,184,34.23913043478261,383.29252119294193,1.473286328826861,-84.64923224179289
0.08,0.1,0.02,2.5,1000000.0,30,152,33.55263157894737,497.31556728898323,1.6118449059838666,-76.08552002274071
0.08,0.1,0.02,2.5,5000000.0,0,299,35.11705685618729,1685.6843986956374,1.5311422725179884,-90.44850442293317
0.08,0.1,0.02,2.5,5000000.0,5,264,32.196969696969695,179.36274796594898,1.3708078456498265,-95.03629262722463
0.08,0.1,0.02,2.5,5000000.0,10,227,36.12334801762114,1408.6530417137344,1.6193070408518309,-83.32197283904044
0.08,0.1,0.02,2.5,5000000.0,20,184,34.23913043478261,383.29252119294193,1.473286328826861,-84.64923224179289
0.08,0.1,0.02,2.5,5000000.0,30,152,33.55263157894737,497.31556728898323,1.6118449059838666,-76.08552002274071
0.08,0.1,0.02,3.0,500000.0,0,261,35.63218390804598,1250.6099757584761,1.5855889305928796,-90.33610294027588
0.08,0.1,0.02,3.0,500000.0,5,228,33.771929824561404,362.0006870286109,1.499786981972777,-89.03600091429634
0.08,0.1,0.02,3.0,500000.0,10,204,35.294117647058826,146.21401059346866,1.4184294954512071,-91.47101526962473
0.08,0.1,0.02,3.0,500000.0,20,166,36.74698795180723,231.15254120465343,1.474676815936179,-89.57990862080969
0.08,0.1,0.02,3.0,500000.0,30,137,33.57664233576642,689.3892347840109,1.8155756874250788,-80.58918692245007
0.08,0.1,0.02,3.0,1000000.0,0,261,35.63218390804598,1250.6099757584761,1.5855889305928796,-90.33610294027588
0.08,0.1,0.02,3.0,1000000.0,5,228,33.771929824561404,362.0006870286109,1.499786981972777,-89.03600091429634
0.08,0.1,0.02,3.0,1000000.0,10,204,35.294117647058826,146.21401059346866,1.4184294954512071,-91.47101526962473
0.08,0.1,0.02,3.0,1000000.0,20,166,36.74698795180723,231.15254120465343,1.474676815936179,-89.57990862080969
0.08,0.1,0.02,3.0,1000000.0,30,137,33.57664233576642,689.3892347840109,1.8155756874250788,-80.58918692245007
0.08,0.1,0.02,3.0,5000000.0,0,261,35.63218390804598,1250.6099757584761,1.5855889305928796,-90.33610294027588
0.08,0.1,0.02,3.0,5000000.0,5,228,33.771929824561404,362.0006870286109,1.499786981972777,-89.03600091429634
0.08,0.1,0.02,3.0,5000000.0,10,204,35.294117647058826,146.21401059346866,1.4184294954512071,-91.47101526962473
0.08,0.1,0.02,3.0,5000000.0,20,166,36.74698795180723,231.15254120465343,1.474676815936179,-89.57990862080969
0.08,0.1,0.02,3.0,5000000.0,30,137,33.57664233576642,689.3892347840109,1.8155756874250788,-80.58918692245007
